{
    "model": "xgb",
    "accuracy": 0.5160682624113475,
    "precision": 0.5299145299145299,
    "recall": 0.4063797247105091,
    "f1_score": 0.4599975268950167,
    "roc_auc": 0.5320057773640545,
    "confusion_matrix": [
        [
            2797,
            1650
        ],
        [
            2717,
            1860
        ]
    ]
}