{
    "model": "lstm",
    "accuracy": 0.5144220102063457,
    "precision": 0.5320680628272252,
    "recall": 0.3555652744369123,
    "f1_score": 0.4262681871804955,
    "roc_auc": 0.5234640161235388,
    "confusion_matrix": [
        [
            3011,
            1430
        ],
        [
            2947,
            1626
        ]
    ]
}