{
    "Bear Trend": {
        "auc": 0.5532987832356917,
        "precision": 0.625,
        "recall": 0.014285714285714285,
        "count": 1334
    },
    "Bull Trend": {
        "auc": 0.5539442005794466,
        "precision": 0.6052631578947368,
        "recall": 0.027251184834123223,
        "count": 1657
    },
    "Sideways": {
        "auc": 0.5058090222301123,
        "precision": 0.3333333333333333,
        "recall": 0.00516795865633075,
        "count": 780
    },
    "Low Liquidity": {
        "auc": 0.508952329010646,
        "precision": 0.44871794871794873,
        "recall": 0.014516798009124844,
        "count": 4802
    },
    "Macro Event": {
        "auc": 0.5177871148459383,
        "precision": 0.4444444444444444,
        "recall": 0.10084033613445378,
        "count": 239
    },
    "High Volatility": {
        "auc": 0.5003501551048064,
        "precision": 0.5346534653465347,
        "recall": 0.05993340732519423,
        "count": 1779
    }
}