{
    "profit_factor": 1.2035327397829085,
    "max_drawdown": -0.05509981835078152,
    "accuracy": 0.55,
    "training_timestamp": "2025-12-06 04:45:43.460861"
}