{
    "profit_factor": 1.1501570808835,
    "max_drawdown": -0.05966968806469703,
    "accuracy": 0.55,
    "training_timestamp": "2025-12-06 04:43:41.443523"
}