{
    "profit_factor": 1.3410649059975133,
    "max_drawdown": -0.048959615617496725,
    "accuracy": 0.55,
    "training_timestamp": "2025-12-06 04:41:06.309945"
}