{
    "profit_factor": 1.1989364050271771,
    "max_drawdown": -0.05789665745048076,
    "accuracy": 0.55,
    "training_timestamp": "2025-12-06 04:42:07.322927"
}