{
    "profit_factor": 1.303023291856641,
    "max_drawdown": -0.04082637667132001,
    "accuracy": 0.55,
    "training_timestamp": "2025-12-06 04:44:42.455493"
}